[
  {
    "english": "born (v)",
    "vietnamese": "sinh ra"
  },
  {
    "english": "pass away",
    "vietnamese": "qua đời"
  },
  {
    "english": "airport (n)",
    "vietnamese": "sân bay"
  },
  {
    "english": "border gate",
    "vietnamese": "cửa khẩu"
  },
  {
    "english": "wharf (n)",
    "vietnamese": "bến tàu"
  },
  {
    "english": "port (n)",
    "vietnamese": "cảng"
  },
  {
    "english": "Declaration of Independence",
    "vietnamese": "Bản tuyên ngôn độc lập"
  },
  {
    "english": "opera house (n)",
    "vietnamese": "nhà hát lớn"
  },
  {
    "english": "square (n)",
    "vietnamese": "quảng trường"
  },
  {
    "english": "national convention center",
    "vietnamese": "trung tâm hội nghị quốc gia"
  },
  {
    "english": "hometown (n)",
    "vietnamese": "quê nhà"
  },
  {
    "english": "will (n)",
    "vietnamese": "di chúc"
  },
  {
    "english": "prison diary",
    "vietnamese": "nhật ký trong tù"
  },
  {
    "english": "Imperial Citadel",
    "vietnamese": "hoàng thành"
  }
]
